<?xml version="1.0" encoding="UTF-8"?>
<assessmentItem xmlns="http://www.imsglobal.org/xsd/imsqti_v2p1" xmlns:xsi="http://www.w3.org/2001/XMLSchema-instance" identifier="MULTIPLECHOICE_QUESTION_KFP_1_2" title="GERIATRIE-CC-2025-S1-KFP N°1-DURON" adaptive="false" timeDependent="false" toolName="Theia" xsi:schemaLocation="http://www.imsglobal.org/xsd/imsqti_v2p1 http://www.imsglobal.org/xsd/qti/qtiv2p1/imsqti_v2p1.xsd">
  <responseDeclaration identifier="RESPONSE" cardinality="multiple" baseType="identifier">
    <correctResponse>
      <value>CHOICE_6000</value>
    </correctResponse>
  </responseDeclaration>
  <outcomeDeclaration identifier="SCORE" cardinality="single" baseType="integer">
    <defaultValue>
      <value>0</value>
    </defaultValue>
  </outcomeDeclaration>
  <itemBody>
    <choiceInteraction responseIdentifier="MULTIPLECHOICE_QUESTION_KFP_1_2" maxChoices="1">
      <prompt>
        <div>Quelle orientation immédiate ?</div>
      </prompt>
      <simpleChoice identifier="CHOICE_6000">
        <div>Hospitalisation gériatrique</div>
      </simpleChoice>
      <simpleChoice identifier="CHOICE_6001">
        <div>Retour à domicile</div>
      </simpleChoice>
    </choiceInteraction>
  </itemBody>
</assessmentItem>
