<?xml version="1.0" encoding="UTF-8"?>
<testPart xmlns="http://www.imsglobal.org/xsd/imsqti_v2p1" xmlns:xsi="http://www.w3.org/2001/XMLSchema-instance" identifier="DPPOOL_KFP_001" navigationMode="linear" submissionMode="individual" xsi:schemaLocation="http://www.imsglobal.org/xsd/imsqti_v2p1 http://www.imsglobal.org/xsd/qti/qtiv2p1/imsqti_v2p1.xsd">
  <assessmentSection identifier="DPPOOL_SECTION_KFP_001" required="false" fixed="false" title="GERIATRIE-CC-2025-S1-KFP N°1-DURON" visible="true" keepTogether="true">
    <rubricBlock view="candidate">
      <div>&lt;p&gt;Mme X, 84 ans, est retrouvée au sol. Elle est confuse.&lt;/p&gt;</div>
    </rubricBlock>
    <assessmentItemRef identifier="MULTIPLECHOICE_QUESTION_KFP_1_1" required="true" fixed="true" href="MULTIPLECHOICE_QUESTION_KFP_1_1.xml">
      <weight identifier="WEIGHT" value="1"/>
    </assessmentItemRef>
    <assessmentItemRef identifier="MULTIPLECHOICE_QUESTION_KFP_1_2" required="true" fixed="true" href="MULTIPLECHOICE_QUESTION_KFP_1_2.xml">
      <weight identifier="WEIGHT" value="1"/>
    </assessmentItemRef>
  </assessmentSection>
</testPart>
