<?xml version="1.0" encoding="UTF-8"?>
<assessmentItem xmlns="http://www.imsglobal.org/xsd/imsqti_v2p1" xmlns:xsi="http://www.w3.org/2001/XMLSchema-instance" identifier="MULTIPLECHOICE_QUESTION_7872731" title="Question à réponses multiples" adaptive="false" timeDependent="false" toolName="Theia" xsi:schemaLocation="http://www.imsglobal.org/xsd/imsqti_v2p1 http://www.imsglobal.org/xsd/qti/qtiv2p1/imsqti_v2p1.xsd">
  <responseDeclaration identifier="RESPONSE" cardinality="multiple" baseType="identifier">
    <correctResponse>
      <value>CHOICE_6003</value>
      <value>CHOICE_6004</value>
      <value>CHOICE_6005</value>
      <value>CHOICE_6006</value>
      <value>CHOICE_6007</value>
    </correctResponse>
  </responseDeclaration>
  <outcomeDeclaration identifier="SCORE" cardinality="single" baseType="integer">
    <defaultValue>
      <value>0</value>
    </defaultValue>
  </outcomeDeclaration>
  <itemBody>
    <choiceInteraction responseIdentifier="RESPONSE" maxChoices="5">
      <prompt>La première question est un QRP.à liste (4 réponses):</prompt>
      <simpleChoice identifier="CHOICE_6000">Réponse 1</simpleChoice>
      <simpleChoice identifier="CHOICE_6001">Réponse 2</simpleChoice>
      <simpleChoice identifier="CHOICE_6002">Réponse 3</simpleChoice>
      <simpleChoice identifier="CHOICE_6003">Réponse 4</simpleChoice>
      <simpleChoice identifier="CHOICE_6004">Réponse 5</simpleChoice>
      <simpleChoice identifier="CHOICE_6005">Réponse 6</simpleChoice>
      <simpleChoice identifier="CHOICE_6006">Réponse 7</simpleChoice>
      <simpleChoice identifier="CHOICE_6007">Réponse 8</simpleChoice>
    </choiceInteraction>
  </itemBody>
  <responseProcessing template="http://www.imsglobal.org/question/qti_v2p1/rptemplates/match_correct"/>
</assessmentItem>
