<?xml version="1.0" encoding="UTF-8"?>
<assessmentItem xmlns="http://www.imsglobal.org/xsd/imsqti_v2p1" xmlns:xsi="http://www.w3.org/2001/XMLSchema-instance" identifier="TEXT_QUESTION_7872732" title="Question à Réponse Ouverte et Courte" adaptive="false" timeDependent="false" toolName="Theia" xsi:schemaLocation="http://www.imsglobal.org/xsd/imsqti_v2p1 http://www.imsglobal.org/xsd/qti/qtiv2p1/imsqti_v2p1.xsd">
  <responseDeclaration identifier="RESPONSE" cardinality="single" baseType="string">
    <correctResponse>
      <value>Réponse acceptée</value>
    </correctResponse>
  </responseDeclaration>
  <outcomeDeclaration identifier="SCORE" cardinality="single" baseType="float">
    <defaultValue>
      <value>0</value>
    </defaultValue>
  </outcomeDeclaration>
  <itemBody>
    <div>La question suivante est un QROC dont la réponse acceptée est:</div>
    <div>
      <textEntryInteraction responseIdentifier="RESPONSE" expectedLength="255"/>
    </div>
  </itemBody>
  <responseProcessing template="http://www.imsglobal.org/question/qti_v2p1/rptemplates/match_correct"/>
</assessmentItem>
